Datetime,Water Level (m)
2026-04-19 12:00:00,-0.21172214
2026-04-19 13:00:00,-0.32688054
2026-04-19 14:00:00,-0.43529707
2026-04-19 15:00:00,-0.49774635
2026-04-19 16:00:00,-0.22436029
2026-04-19 17:00:00,0.3259578
2026-04-19 18:00:00,0.7064885
2026-04-19 19:00:00,0.8754139
2026-04-19 20:00:00,0.816025
2026-04-19 21:00:00,0.49622205
2026-04-19 22:00:00,0.0991231
2026-04-19 23:00:00,-0.13621554
2026-04-20 00:00:00,-0.30170155
2026-04-20 01:00:00,-0.42538023
2026-04-20 02:00:00,-0.54660946
2026-04-20 03:00:00,-0.63705456
2026-04-20 04:00:00,-0.39401177
2026-04-20 05:00:00,0.22685978
2026-04-20 06:00:00,0.6856988
2026-04-20 07:00:00,0.9749674
2026-04-20 08:00:00,1.0725588
2026-04-20 09:00:00,0.9384502
2026-04-20 10:00:00,0.55045277
2026-04-20 11:00:00,0.19343159
2026-04-20 12:00:00,-0.01925511
2026-04-20 13:00:00,-0.15658285
2026-04-20 14:00:00,-0.26712653
2026-04-20 15:00:00,-0.36877647
2026-04-20 16:00:00,-0.37235048
2026-04-20 17:00:00,0.08348524
2026-04-20 18:00:00,0.56061554
2026-04-20 19:00:00,0.7942832
2026-04-20 20:00:00,0.8420365
2026-04-20 21:00:00,0.6955423
2026-04-20 22:00:00,0.34054077
2026-04-20 23:00:00,0.031462654
2026-04-21 00:00:00,-0.16512972
2026-04-21 01:00:00,-0.30553842
2026-04-21 02:00:00,-0.42818075
2026-04-21 03:00:00,-0.53763455
2026-04-21 04:00:00,-0.559475
2026-04-21 05:00:00,-0.11697222
2026-04-21 06:00:00,0.4230555
2026-04-21 07:00:00,0.7820227
2026-04-21 08:00:00,0.98175466
2026-04-21 09:00:00,0.99324286
2026-04-21 10:00:00,0.77386636
2026-04-21 11:00:00,0.39635453
2026-04-21 12:00:00,0.12333468
2026-04-21 13:00:00,-0.047030907
2026-04-21 14:00:00,-0.16521849
2026-04-21 15:00:00,-0.27416012
2026-04-21 16:00:00,-0.35305715
2026-04-21 17:00:00,-0.23152792
2026-04-21 18:00:00,0.25107726
2026-04-21 19:00:00,0.59421515
2026-04-21 20:00:00,0.7353955
2026-04-21 21:00:00,0.71934885
2026-04-21 22:00:00,0.5307731
2026-04-21 23:00:00,0.19857566
2026-04-22 00:00:00,-0.04669267
2026-04-22 01:00:00,-0.22013763
2026-04-22 02:00:00,-0.3472245
2026-04-22 03:00:00,-0.45871854
2026-04-22 04:00:00,-0.54139864
2026-04-22 05:00:00,-0.43291777
2026-04-22 06:00:00,0.04465848
2026-04-22 07:00:00,0.45630056
2026-04-22 08:00:00,0.71522284
2026-04-22 09:00:00,0.84645575
2026-04-22 10:00:00,0.83012027
2026-04-22 11:00:00,0.6320224
2026-04-22 12:00:00,0.32060686
2026-04-22 13:00:00,0.091333136
2026-04-22 14:00:00,-0.05949438
2026-04-22 15:00:00,-0.16911583
2026-04-22 16:00:00,-0.26322177
2026-04-22 17:00:00,-0.30872226
2026-04-22 18:00:00,-0.1496085
2026-04-22 19:00:00,0.23483476
2026-04-22 20:00:00,0.48440024
2026-04-22 21:00:00,0.5625828
2026-04-22 22:00:00,0.49961153
2026-04-22 23:00:00,0.30956006
2026-04-23 00:00:00,0.042837363
2026-04-23 01:00:00,-0.15316007
2026-04-23 02:00:00,-0.29947615
2026-04-23 03:00:00,-0.40706187
2026-04-23 04:00:00,-0.49601537
2026-04-23 05:00:00,-0.5336088
2026-04-23 06:00:00,-0.32971817
2026-04-23 07:00:00,0.07910836
2026-04-23 08:00:00,0.406185
2026-04-23 09:00:00,0.61576635
2026-04-23 10:00:00,0.69994307
2026-04-23 11:00:00,0.6752394
2026-04-23 12:00:00,0.5132336
2026-04-23 13:00:00,0.2620727
2026-04-23 14:00:00,0.054655686
2026-04-23 15:00:00,-0.09390672
2026-04-23 16:00:00,-0.19658867
2026-04-23 17:00:00,-0.27625117
2026-04-23 18:00:00,-0.3112329
2026-04-23 19:00:00,-0.18599607
2026-04-23 20:00:00,0.09616709
2026-04-23 21:00:00,0.29923034
2026-04-23 22:00:00,0.3825989
2026-04-23 23:00:00,0.36321676
2026-04-24 00:00:00,0.25059283
2026-04-24 01:00:00,0.05858657
2026-04-24 02:00:00,-0.11899912
2026-04-24 03:00:00,-0.2607914
2026-04-24 04:00:00,-0.3736066
2026-04-24 05:00:00,-0.45718083
2026-04-24 06:00:00,-0.47258246
2026-04-24 07:00:00,-0.3068866
2026-04-24 08:00:00,0.011598266
2026-04-24 09:00:00,0.28666133
2026-04-24 10:00:00,0.47787464
2026-04-24 11:00:00,0.5690969
2026-04-24 12:00:00,0.56648755
2026-04-24 13:00:00,0.47595376
2026-04-24 14:00:00,0.28705463
2026-04-24 15:00:00,0.07366726
2026-04-24 16:00:00,-0.08619494
2026-04-24 17:00:00,-0.20214884
2026-04-24 18:00:00,-0.29043317
2026-04-24 19:00:00,-0.35472876
2026-04-24 20:00:00,-0.3427936
2026-04-24 21:00:00,-0.15315767
2026-04-24 22:00:00,0.10593116
2026-04-24 23:00:00,0.24952866
2026-04-25 00:00:00,0.2939691
2026-04-25 01:00:00,0.26016355
2026-04-25 02:00:00,0.16297702
2026-04-25 03:00:00,-0.010736056
2026-04-25 04:00:00,-0.18044648
2026-04-25 05:00:00,-0.31606764
2026-04-25 06:00:00,-0.4109646
2026-04-25 07:00:00,-0.45122316
2026-04-25 08:00:00,-0.38176972
2026-04-25 09:00:00,-0.1253395
2026-04-25 10:00:00,0.15666898
2026-04-25 11:00:00,0.37007686
2026-04-25 12:00:00,0.49796897
